{"stats":{"minecraft:dropped":{"minecraft:warped_hyphae":1,"minecraft:structure_block":8,"minecraft:yellow_wool":1},"minecraft:picked_up":{"minecraft:repeater":17,"minecraft:polished_blackstone_button":5,"minecraft:redstone_torch":13,"minecraft:redstone":57},"minecraft:custom":{"minecraft:time_since_rest":360037,"minecraft:play_one_minute":360037,"minecraft:crouch_one_cm":6456,"minecraft:sprint_one_cm":45876,"minecraft:walk_one_cm":222789,"minecraft:sneak_time":13700,"minecraft:drop":10,"minecraft:jump":490,"minecraft:leave_game":4,"minecraft:time_since_death":360037,"minecraft:fly_one_cm":1983970},"minecraft:used":{"minecraft:structure_block":78,"minecraft:yellow_wool":81,"minecraft:glass":8,"minecraft:sticky_piston":38,"minecraft:white_wool":82,"minecraft:redstone_lamp":54,"minecraft:repeater":200,"minecraft:sand":19,"minecraft:magma_block":1090,"minecraft:magenta_wool":186,"minecraft:red_wool":365,"minecraft:warped_hyphae":74,"minecraft:redstone":1609,"minecraft:lime_wool":313,"minecraft:stone_button":4,"minecraft:orange_wool":260,"minecraft:polished_blackstone_button":19,"minecraft:gray_wool":130,"minecraft:redstone_block":107,"minecraft:cyan_wool":334,"minecraft:redstone_torch":151}},"DataVersion":2567}